{
  "@class": "org.apache.seata.rm.datasource.undo.BranchUndoLog",
  "xid": "192.168.200.1:8091:6260609896044851214",
  "branchId": 6260609896044851215,
  "sqlUndoLogs": [
    "java.util.ArrayList",
    [
      {
        "@class": "org.apache.seata.rm.datasource.undo.SQLUndoLog",
        "sqlType": "UPDATE",
        "tableName": "storage_tbl",
        "beforeImage": {
          "@class": "org.apache.seata.rm.datasource.sql.struct.TableRecords",
          "tableName": "storage_tbl",
          "rows": [
            "java.util.ArrayList",
            [
              {
                "@class": "org.apache.seata.rm.datasource.sql.struct.Row",
                "fields": [
                  "java.util.ArrayList",
                  [
                    {
                      "@class": "org.apache.seata.rm.datasource.sql.struct.Field",
                      "name": "count",
                      "keyType": "NULL",
                      "type": 4,
                      "value": 100
                    },
                    {
                      "@class": "org.apache.seata.rm.datasource.sql.struct.Field",
                      "name": "id",
                      "keyType": "PRIMARY_KEY",
                      "type": 4,
                      "value": 1
                    }
                  ]
                ]
              }
            ]
          ]
        },
        "afterImage": {
          "@class": "org.apache.seata.rm.datasource.sql.struct.TableRecords",
          "tableName": "storage_tbl",
          "rows": [
            "java.util.ArrayList",
            [
              {
                "@class": "org.apache.seata.rm.datasource.sql.struct.Row",
                "fields": [
                  "java.util.ArrayList",
                  [
                    {
                      "@class": "org.apache.seata.rm.datasource.sql.struct.Field",
                      "name": "count",
                      "keyType": "NULL",
                      "type": 4,
                      "value": 98
                    },
                    {
                      "@class": "org.apache.seata.rm.datasource.sql.struct.Field",
                      "name": "id",
                      "keyType": "PRIMARY_KEY",
                      "type": 4,
                      "value": 1
                    }
                  ]
                ]
              }
            ]
          ]
        }
      }
    ]
  ]
}